Workbook

Sheet Pivot
A1: Vrsta dokumenta | B1: (Multiple Items)
A3: Row Labels | B3: Sum of Duguje | C3: Sum of Potražuje
A4: 1000 | B4: 12575.71 | C4: 10898.78
A5: 1200 | B5: 12525.68 | C5: 12525.68
A6: 2134 | B6: 0 | C6: 50
A7: 2200 | B7: 10888.54 | C7: 10898.49
A8: 4000 | B8: 10093.23 | C8: 0
A9: 4100 | B9: 669.59 | C9: 0
A10: 4650 | B10: 137.95 | C10: 0
A11: 4690 | B11: 7.96 | C11: 0
A12: 7600 | B12: 0 | C12: 12525.68
A13: 7710 | B13: 0 | C13: 0.03
A14: Grand Total | B14: 46898.66 | C14: 46898.66

Sheet Dnevnik knjiženja
A1: Datum | B1: Vrsta dokumenta | C1: Stranka | D1: Opis | E1: Dokument | F1: Konto | G1: Naziv konta | H1: Duguje | I1: Potražuje | J1: saldo
A2: 45688 | B2: URA | C2: trošak | D2: Račun za bankarske usluge | E2: 2340-02256080463 | F2: 4650 | G2: Troškovi platnog prometa | H2: 11.11 | I2: 0 | J2: =H2-I2 -> 11.11
A3: 45688 | B3: URA | C3: Privredna banka Zagreb d.d. | D3: Obveza po računu | E3: 2340-02256080463 | F3: 2200 | G3: Dobavljači u zemlji | H3: 0 | I3: 11.11 | J3: =H3-I3 -> -11.11
A4: 45716 | B4: URA | C4: trošak | D4: Račun za bankarske usluge | E4: 2340-04256984933 | F4: 4650 | G4: Troškovi platnog prometa | H4: 9.95 | I4: 0 | J4: =H4-I4 -> 9.95
A5: 45716 | B5: URA | C5: Privredna banka Zagreb d.d. | D5: Obveza po računu | E5: 2340-04256984933 | F5: 2200 | G5: Dobavljači u zemlji | H5: 0 | I5: 9.95 | J5: =H5-I5 -> -9.95
A6: 45747 | B6: URA | C6: trošak | D6: Račun za bankarske usluge | E6: 2340-06257880807 | F6: 4650 | G6: Troškovi platnog prometa | H6: 9.95 | I6: 0 | J6: =H6-I6 -> 9.95
A7: 45747 | B7: URA | C7: Privredna banka Zagreb d.d. | D7: Obveza po računu | E7: 2340-06257880807 | F7: 2200 | G7: Dobavljači u zemlji | H7: 0 | I7: 9.95 | J7: =H7-I7 -> -9.95
A8: 45777 | B8: URA | C8: trošak | D8: Račun za bankarske usluge | E8: 2340-08258779338 | F8: 4650 | G8: Troškovi platnog prometa | H8: 9.95 | I8: 0 | J8: =H8-I8 -> 9.95
A9: 45777 | B9: URA | C9: Privredna banka Zagreb d.d. | D9: Obveza po računu | E9: 2340-08258779338 | F9: 2200 | G9: Dobavljači u zemlji | H9: 0 | I9: 9.95 | J9: =H9-I9 -> -9.95
A10: 45784 | B10: IZVOD | C10: Privredna banka Zagreb d.d. | D10: Plaćanje računa 2340-02256080463 | E10: Izvod | F10: 2200 | G10: Dobavljači u zemlji | H10: 11.11 | I10: 0 | J10: =H10-I10 -> 11.11
A11: 45784 | B11: IZVOD | C11: ŽR | D11: Odljev sa žiro-računa | E11: Izvod | F11: 1000 | G11: Žiro račun | H11: 0 | I11: 11.11 | J11: =H11-I11 -> -11.11
A12: 45784 | B12: IZVOD | C12: Privredna banka Zagreb d.d. | D12: Plaćanje računa 2340-04256984933 | E12: Izvod | F12: 2200 | G12: Dobavljači u zemlji | H12: 9.95 | I12: 0 | J12: =H12-I12 -> 9.95
A13: 45784 | B13: IZVOD | C13: ŽR | D13: Odljev sa žiro-računa | E13: Izvod | F13: 1000 | G13: Žiro račun | H13: 0 | I13: 9.95 | J13: =H13-I13 -> -9.95
... A153: 45987 | B153: IZVOD | C153: ŽR | D153: Odljev sa žiro-računa | E153: Izvod | F153: 1000 | G153: Žiro račun | H153: 0 | I153: 141.59 | J153: =H153-I153 -> -141.59
A154: 45988 | B154: URA | C154: trošak | D154: Sudska pristojba - trošak promjene u j.d.o.o. 2lmf pro | F154: 4690 | G154: Ostali troškovi poslovanja | H154: 7.96 | I154: 0 | J154: =H154-I154 -> 7.96
A155: 45988 | B155: URA | C155: DRŽAVNI PRORAČUN RH | D155: Obveza po računu | F155: 2200 | G155: Dobavljači u zemlji | H155: 0 | I155: 7.96 | J155: =H155-I155 -> -7.96
A156: 45988 | B156: IZVOD | C156: DRŽAVNI PRORAČUN RH | D156: Plaćanje računa | E156: Izvod | F156: 2200 | G156: Dobavljači u zemlji | H156: 7.96 | I156: 0 | J156: =H156-I156 -> 7.96
A157: 45988 | B157: IZVOD | C157: ŽR | D157: Odljev sa žiro-računa | E157: Izvod | F157: 1000 | G157: Žiro račun | H157: 0 | I157: 7.96 | J157: =H157-I157 -> -7.96
A158: 45991 | B158: URA | C158: trošak | D158: Račun za bankarske usluge | E158: 2340-22255132265 | F158: 4650 | G158: Troškovi platnog prometa | H158: 10.97 | I158: 0 | J158: =H158-I158 -> 10.97
A159: 45991 | B159: URA | C159: Privredna banka Zagreb d.d. | D159: Obveza po računu | E159: 2340-22255132265 | F159: 2200 | G159: Dobavljači u zemlji | H159: 0 | I159: 10.97 | J159: =H159-I159 -> -10.97
A160: 46001 | B160: IZVOD | C160: Privredna banka Zagreb d.d. | D160: Plaćanje računa 2340-22255132265 | E160: Izvod | F160: 2200 | G160: Dobavljači u zemlji | H160: 10.97 | I160: 0 | J160: =H160-I160 -> 10.97
A161: 46001 | B161: IZVOD | C161: ŽR | D161: Odljev sa žiro-računa | E161: Izvod | F161: 1000 | G161: Žiro račun | H161: 0 | I161: 10.97 | J161: =H161-I161 -> -10.97
A162: 46022 | B162: URA | C162: trošak | D162: Račun za bankarske usluge | E162: 2340-24256057978 | F162: 4650 | G162: Troškovi platnog prometa | H162: 9.95 | I162: 0 | J162: =H162-I162 -> 9.95
A163: 46022 | B163: URA | C163: Privredna banka Zagreb d.d. | D163: Obveza po računu | E163: 2340-24256057978 | F163: 2200 | G163: Dobavljači u zemlji | H163: 0 | I163: 9.95 | J163: =H163-I163 -> -9.95
A164: 45658 | B164: PS | C164: ŽR | D164: PS-ŽR | F164: 1000 | G164: Žiro račun | H164: 10.24 | I164: 0 | J164: =H164-I164 -> 10.24
A165: 01/012025 | B165: PS | C165: Pozajmice | D165: PS-Pozajmica | F165: 2134 | G165: Pozajmica | H165: 0 | I165: 480 | J165: =H165-I165 -> -480
A166: 01/012025 | B166: PS | C166: temeljni kapital | D166: PS-temeljni kapital | F166: 9000 | G166: temeljni kapital | H166: 0 | I166: 1.33 | J166: =H166-I166 -> -1.33
A167: 45658 | B167: PS | C167: preneseni gubitci | D167: PS-preneseni gubitci | F167: 9400 | G167: preneseni gubitci | H167: 469.76 | I167: 0 | J167: 471.09
A168: 45784 | B168: IZVOD | C168: ŽR | D168: uplata pozajmice | F168: 1000 | G168: Žiro račun | H168: 50 | I168: 0 | J168: =H168-I168 -> 50
A169: 45784 | B169: IZVOD | C169: Pozajmice | D169: uplata pozajmice | F169: 2134 | G169: Pozajmica | H169: 0 | I169: 50 | J169: =H169-I169 -> -50
A170: 45667 | B170: IZVOD | C170: ŽR | D170: Bankarska naknada | F170: 1000 | G170: Žiro račun | H170: 0 | I170: 10.24 | J170: =H170-I170 -> -10.24
A171: 45667 | B171: IZVOD | C171: trošak | D171: Račun za bankarske usluge | F171: 4650 | G171: Troškovi platnog prometa | H171: 10.24 | I171: 0 | J171: =H171-I171 -> 10.24
A172: 46022 | B172: IZVOD | C172: ŽR | D172: Žiro račun | E172: Žiro račun | F172: 1000 | G172: Žiro račun | H172: 0.03 | I172: 0 | J172: =H172-I172 -> 0.03
A173: 46022 | B173: IZVOD | C173: Prihod kamate | D173: Prihod kamate | E173: Izvod | F173: 7710 | G173: Prihod kamate | H173: 0 | I173: 0.03 | J173: =H173-I173 -> -0.03
J174: =SUM(J2:J173) -> 0

Sheet Početno stanje
A1: Datum | B1: Vrsta dokumenta | C1: Stranka | D1: Opis | E1: Dokument | F1: Konto | G1: Naziv konta | H1: Duguje | I1: Potražuje | J1: saldo
A2: 45658 | B2: PS | C2: ŽR | D2: PS-ŽR | F2: 1000 | G2: Žiro račun | H2: 10.24 | I2: 0 | J2: 10.24
A3: 01/012025 | B3: PS | C3: Pozajmice | D3: PS-Pozajmica | F3: 2134 | G3: Pozajmica | H3: 0 | I3: 480 | J3: -480
A4: 01/012025 | B4: PS | C4: temeljni kapital | D4: PS-temeljni kapital | F4: 9000 | G4: temeljni kapital | H4: 0 | I4: 1.33 | J4: -1.33
A5: 45658 | B5: PS | C5: preneseni gubitci | D5: PS-preneseni gubitci | F5: 9400 | G5: preneseni gubitci | H5: 469.76 | I5: 0 | J5: 471.09

Sheet Bruto bilanca
A1: Konto | B1: Naziv konta | C1: PS | D1: Duguje | E1: Potražuje | F1: saldo
A2: 1000 | B2: Žiro račun | C2: =IFERROR(VLOOKUP(A2,'Početno stanje'!F:J,5,0),0) -> 10.24 | D2: 12575.71 | E2: 10898.78 | F2: =C2+D2-E2 -> 1687.17
A3: 1200 | B3: Kupci u zemlji | C3: =IFERROR(VLOOKUP(A3,'Početno stanje'!F:J,5,0),0) -> 0 | D3: 12525.68 | E3: 12525.68 | F3: =C3+D3-E3 -> 0
A4: 2134 | B4: Pozajmica | C4: =IFERROR(VLOOKUP(A4,'Početno stanje'!F:J,5,0),0) -> -480 | D4: 0 | E4: 50 | F4: =C4+D4-E4 -> -530
A5: 2200 | B5: Dobavljači u zemlji | C5: =IFERROR(VLOOKUP(A5,'Početno stanje'!F:J,5,0),0) -> 0 | D5: 10888.54 | E5: 10898.49 | F5: =C5+D5-E5 -> -9.95
A6: 4000 | B6: Trošak nabavne vrijednosti robe | C6: =IFERROR(VLOOKUP(A6,'Početno stanje'!F:J,5,0),0) -> 0 | D6: 10093.23 | E6: 0 | F6: =C6+D6-E6 -> 10093.23
A7: 4100 | B7: Troškovi usluga | C7: =IFERROR(VLOOKUP(A7,'Početno stanje'!F:J,5,0),0) -> 0 | D7: 669.59 | E7: 0 | F7: =C7+D7-E7 -> 669.59
A8: 4650 | B8: Troškovi platnog prometa | C8: =IFERROR(VLOOKUP(A8,'Početno stanje'!F:J,5,0),0) -> 0 | D8: 137.95 | E8: 0 | F8: =C8+D8-E8 -> 137.95
A9: 4690 | B9: Ostali troškovi poslovanja | C9: =IFERROR(VLOOKUP(A9,'Početno stanje'!F:J,5,0),0) -> 0 | D9: 7.96 | E9: 0 | F9: =C9+D9-E9 -> 7.96
A10: 7600 | B10: Prihodi od prodaje robe | C10: =IFERROR(VLOOKUP(A10,'Početno stanje'!F:J,5,0),0) -> 0 | D10: 0 | E10: 12525.68 | F10: =C10+D10-E10 -> -12525.68
A11: 7710 | B11: Prihod kamate | C11: =IFERROR(VLOOKUP(A11,'Početno stanje'!F:J,5,0),0) -> 0 | D11: 0 | E11: 0.03 | F11: =C11+D11-E11 -> -0.03
A12: 9000 | B12: temeljni kapital | C12: =IFERROR(VLOOKUP(A12,'Početno stanje'!F:J,5,0),0) -> -1.33 | F12: =C12+D12-E12 -> -1.33
A13: 9400 | B13: preneseni gubitci | C13: =IFERROR(VLOOKUP(A13,'Početno stanje'!F:J,5,0),0) -> 471.09 | F13: =C13+D13-E13 -> 471.09
A14: Rezultat | F14: -1616.98

Sheet Bilanca
A1: Datum | B1: Vrsta dokumenta | C1: Stranka | D1: Opis | E1: Dokument | F1: Konto | G1: Naziv konta | H1: Duguje | I1: Potražuje | J1: saldo
A2: 45688 | B2: URA | C2: Privredna banka Zagreb d.d. | D2: Obveza po računu | E2: 2340-02256080463 | F2: 2200 | G2: Dobavljači u zemlji | H2: 0 | I2: 11.11 | J2: -11.11
A3: 45716 | B3: URA | C3: Privredna banka Zagreb d.d. | D3: Obveza po računu | E3: 2340-04256984933 | F3: 2200 | G3: Dobavljači u zemlji | H3: 0 | I3: 9.95 | J3: -9.95
A4: 45747 | B4: URA | C4: Privredna banka Zagreb d.d. | D4: Obveza po računu | E4: 2340-06257880807 | F4: 2200 | G4: Dobavljači u zemlji | H4: 0 | I4: 9.95 | J4: -9.95
A5: 45777 | B5: URA | C5: Privredna banka Zagreb d.d. | D5: Obveza po računu | E5: 2340-08258779338 | F5: 2200 | G5: Dobavljači u zemlji | H5: 0 | I5: 9.95 | J5: -9.95
A6: 45784 | B6: IZVOD | C6: Privredna banka Zagreb d.d. | D6: Plaćanje računa 2340-02256080463 | E6: Izvod | F6: 2200 | G6: Dobavljači u zemlji | H6: 11.11 | I6: 0 | J6: 11.11
A7: 45784 | B7: IZVOD | C7: ŽR | D7: Odljev sa žiro-računa | E7: Izvod | F7: 1000 | G7: Žiro račun | H7: 0 | I7: 11.11 | J7: -11.11
A8: 45784 | B8: IZVOD | C8: Privredna banka Zagreb d.d. | D8: Plaćanje računa 2340-04256984933 | E8: Izvod | F8: 2200 | G8: Dobavljači u zemlji | H8: 9.95 | I8: 0 | J8: 9.95
A9: 45784 | B9: IZVOD | C9: ŽR | D9: Odljev sa žiro-računa | E9: Izvod | F9: 1000 | G9: Žiro račun | H9: 0 | I9: 9.95 | J9: -9.95
A10: 45784 | B10: IZVOD | C10: Privredna banka Zagreb d.d. | D10: Plaćanje računa 2340-06257880807 | E10: Izvod | F10: 2200 | G10: Dobavljači u zemlji | H10: 9.95 | I10: 0 | J10: 9.95
A11: 45784 | B11: IZVOD | C11: ŽR | D11: Odljev sa žiro-računa | E11: Izvod | F11: 1000 | G11: Žiro račun | H11: 0 | I11: 9.95 | J11: -9.95
A12: 45785 | B12: IZVOD | C12: Njuškalo d.o.o. | D12: Plaćanje računa 128176-NUKA-3 | E12: Izvod | F12: 2200 | G12: Dobavljači u zemlji | H12: 252 | I12: 0 | J12: 252
A13: 45785 | B13: IZVOD | C13: ŽR | D13: Odljev sa žiro-računa | E13: Izvod | F13: 1000 | G13: Žiro račun | H13: 0 | I13: 252 | J13: -252
... A115: 45987 | B115: IZVOD | C115: ŽR | D115: Odljev sa žiro-računa | E115: Izvod | F115: 1000 | G115: Žiro račun | H115: 0 | I115: 141.59 | J115: -141.59
A116: 45988 | B116: URA | C116: DRŽAVNI PRORAČUN RH | D116: Obveza po računu | F116: 2200 | G116: Dobavljači u zemlji | H116: 0 | I116: 7.96 | J116: -7.96
A117: 45988 | B117: IZVOD | C117: DRŽAVNI PRORAČUN RH | D117: Plaćanje računa | E117: Izvod | F117: 2200 | G117: Dobavljači u zemlji | H117: 7.96 | I117: 0 | J117: 7.96
A118: 45988 | B118: IZVOD | C118: ŽR | D118: Odljev sa žiro-računa | E118: Izvod | F118: 1000 | G118: Žiro račun | H118: 0 | I118: 7.96 | J118: -7.96
A119: 45991 | B119: URA | C119: Privredna banka Zagreb d.d. | D119: Obveza po računu | E119: 2340-22255132265 | F119: 2200 | G119: Dobavljači u zemlji | H119: 0 | I119: 10.97 | J119: -10.97
A120: 46001 | B120: IZVOD | C120: Privredna banka Zagreb d.d. | D120: Plaćanje računa 2340-22255132265 | E120: Izvod | F120: 2200 | G120: Dobavljači u zemlji | H120: 10.97 | I120: 0 | J120: 10.97
A121: 46001 | B121: IZVOD | C121: ŽR | D121: Odljev sa žiro-računa | E121: Izvod | F121: 1000 | G121: Žiro račun | H121: 0 | I121: 10.97 | J121: -10.97
A122: 46022 | B122: URA | C122: Privredna banka Zagreb d.d. | D122: Obveza po računu | E122: 2340-24256057978 | F122: 2200 | G122: Dobavljači u zemlji | H122: 0 | I122: 9.95 | J122: -9.95
A123: 45658 | B123: PS | C123: ŽR | D123: PS-ŽR | F123: 1000 | G123: Žiro račun | H123: 10.24 | I123: 0 | J123: 10.24
A124: 01/012025 | B124: PS | C124: Pozajmice | D124: PS-Pozajmica | F124: 2134 | G124: Pozajmica | H124: 0 | I124: 480 | J124: -480
A125: 01/012025 | B125: PS | C125: temeljni kapital | D125: PS-temeljni kapital | F125: 9000 | G125: temeljni kapital | H125: 0 | I125: 1.33 | J125: -1.33
A126: 45658 | B126: PS | C126: preneseni gubitci | D126: PS-preneseni gubitci | F126: 9400 | G126: preneseni gubitci | H126: 469.76 | I126: 0 | J126: 471.09
A127: 45784 | B127: IZVOD | C127: ŽR | D127: uplata pozajmice | F127: 1000 | G127: Žiro račun | H127: 50 | I127: 0 | J127: 50
A128: 45784 | B128: IZVOD | C128: Pozajmice | D128: uplata pozajmice | F128: 2134 | G128: Pozajmica | H128: 0 | I128: 50 | J128: -50
A129: 45667 | B129: IZVOD | C129: ŽR | D129: Bankarska naknada | F129: 1000 | G129: Žiro račun | H129: 0 | I129: 10.24 | J129: -10.24
A130: 46022 | B130: IZVOD | C130: ŽR | D130: Žiro račun | E130: Žiro račun | F130: 1000 | G130: Prihod kamate | H130: 0.03 | I130: 0 | J130: 0.03
J131: =SUM(J2:J130) -> 1616.98

Sheet RDG
A1: Datum | B1: Vrsta dokumenta | C1: Stranka | D1: Opis | E1: Dokument | F1: Konto | G1: Naziv konta | H1: Duguje | I1: Potražuje | J1: saldo
A2: 45688 | B2: URA | C2: trošak | D2: Račun za bankarske usluge | E2: 2340-02256080463 | F2: 4650 | G2: Troškovi platnog prometa | H2: 11.11 | I2: 0 | J2: 11.11
A3: 45716 | B3: URA | C3: trošak | D3: Račun za bankarske usluge | E3: 2340-04256984933 | F3: 4650 | G3: Troškovi platnog prometa | H3: 9.95 | I3: 0 | J3: 9.95
A4: 45747 | B4: URA | C4: trošak | D4: Račun za bankarske usluge | E4: 2340-06257880807 | F4: 4650 | G4: Troškovi platnog prometa | H4: 9.95 | I4: 0 | J4: 9.95
A5: 45777 | B5: URA | C5: trošak | D5: Račun za bankarske usluge | E5: 2340-08258779338 | F5: 4650 | G5: Troškovi platnog prometa | H5: 9.95 | I5: 0 | J5: 9.95
A6: 45786 | B6: URA | C6: trošak | D6: Račun za oglašavanje na njuskalo.hr | E6: 128176-NUKA-3 | F6: 4100 | G6: Troškovi usluga | H6: 252 | I6: 0 | J6: 252
A7: 45792 | B7: URA | C7: trošak | D7: Račun za kupljenu robu | E7: 1297-011-1 | F7: 4000 | G7: Trošak nabavne vrijednosti robe | H7: 1612 | I7: 0 | J7: 1612
A8: 45792 | B8: IRA | C8: Prihod | D8: Račun za prodanu robu | E8: 1/1/1-2025 | F8: 7600 | G8: Prihodi od prodaje robe | H8: 0 | I8: 2045.2 | J8: -2045.2
A9: 45799 | B9: URA | C9: trošak | D9: Račun za kupljenu robu | E9: 1360-011-1 | F9: 4000 | G9: Trošak nabavne vrijednosti robe | H9: 92.13 | I9: 0 | J9: 92.13
A10: 45799 | B10: IRA | C10: Prihod | D10: Račun za prodanu robu | E10: 2/1/2-2025 | F10: 7600 | G10: Prihodi od prodaje robe | H10: 0 | I10: 114.97 | J10: -114.97
A11: 45808 | B11: URA | C11: trošak | D11: Račun za bankarske usluge | E11: 2340-10259677000 | F11: 4650 | G11: Troškovi platnog prometa | H11: 11.78 | I11: 0 | J11: 11.78
A12: 45821 | B12: URA | C12: trošak | D12: Račun za kupljenu robu | E12: 1558-011-1 | F12: 4000 | G12: Trošak nabavne vrijednosti robe | H12: 57.81 | I12: 0 | J12: 57.81
A13: 45825 | B13: IRA | C13: Prihod | D13: Račun za prodanu robu | E13: 3/1/1-2025 | F13: 7600 | G13: Prihodi od prodaje robe | H13: 0 | I13: 59.7 | J13: -59.7
... A39: 45987 | B39: URA | C39: trošak | D39: Račun za javnobiježničke usluge | E39: 12394/GP/1 | F39: 4100 | G39: Troškovi usluga | H39: 141.59 | I39: 0 | J39: 141.59
A40: 45988 | B40: URA | C40: trošak | D40: Sudska pristojba - trošak promjene u j.d.o.o. 2lmf pro | F40: 4690 | G40: Ostali troškovi poslovanja | H40: 7.96 | I40: 0 | J40: 7.96
A41: 45991 | B41: URA | C41: trošak | D41: Račun za bankarske usluge | E41: 2340-22255132265 | F41: 4650 | G41: Troškovi platnog prometa | H41: 10.97 | I41: 0 | J41: 10.97
A42: 46022 | B42: URA | C42: trošak | D42: Račun za bankarske usluge | E42: 2340-24256057978 | F42: 4650 | G42: Troškovi platnog prometa | H42: 9.95 | I42: 0 | J42: 9.95
A43: 45667 | B43: IZVOD | C43: trošak | D43: Račun za bankarske usluge | F43: 4650 | G43: Troškovi platnog prometa | H43: 10.24 | I43: 0 | J43: 10.24
A44: 46022 | B44: IZVOD | C44: Prihod kamate | D44: Prihod kamate | E44: Izvod | F44: 7710 | G44: Prihod kamate | H44: 0 | I44: 0.03 | J44: -0.03
J45: =SUM(J2:J44) -> -1616.98
